invoice_id,vendor_id,vendor_name_inv,currency,invoice_total,line_count,max_qty,avg_unit_price,invoice_date,candidate_po,po_number,po_date,vendor_name_po,po_total,grn_number,grn_date,vendor_similarity,vendor_match,has_grn,amount_delta,amount_delta_abs,amount_delta_pct,amount_over_tolerance,amount_pct_over_tolerance,days_delta,days_since_grn,invoice_before_po,invoice_too_late,invoice_before_grn,po_missing,currency_match,is_mismatch,mismatch_type,difference
INV0001,V004,Vendor_4,USD,16915.24,5,20,292.952,2024-11-23,PO0001,PO0001,2024-11-13,Vendor_4,16915.24,GRN0001,2024-11-19,1.0,1,0,0.0,0.0,0.0,0,0,10.0,4.0,0,0,0,1,1,0,,
INV0002,V019,Vendor_19,EUR,8598.84,5,19,277.084,2024-07-04,PO0002,PO0002,2024-06-09,Vendor_19,8598.84,GRN0002,2024-06-29,1.0,1,1,0.0,0.0,0.0,0,0,25.0,5.0,0,0,0,0,1,0,,
INV0003,V005,Vendor_5,INR,17872.54,5,17,336.40999999999997,2024-04-22,PO0003,PO0003,2024-03-25,Vendor_5,17872.54,GRN0003,2024-04-19,1.0,1,1,0.0,0.0,0.0,0,0,28.0,3.0,0,0,0,0,1,0,,
INV0004,V012,Vendor_12,GBP,14499.55,5,17,280.37600000000003,2024-02-27,PO0004,PO0004,2024-02-20,Vendor_12,14499.55,GRN0004,2024-02-23,1.0,1,1,0.0,0.0,0.0,0,0,7.0,4.0,0,0,0,0,1,0,,
INV0005,V016,Vendor_16,EUR,20311.19,5,18,294.11199999999997,2024-05-22,PO0005,PO0005,2024-05-08,Vendor_16,20311.19,GRN0005,2024-05-22,1.0,1,1,0.0,0.0,0.0,0,0,14.0,0.0,0,0,0,0,0,1,QUANTITY_VARIANCE,-419.56
INV0006,V013,Vendor_13,USD,13587.58,5,19,241.93800000000002,2024-03-25,PO0006,PO0006,2024-03-24,Vendor_13,13587.58,GRN0006,2024-03-20,1.0,1,1,0.0,0.0,0.0,0,0,1.0,5.0,0,0,0,0,1,0,,
INV0007,V007,Vendor_7,GBP,5065.71,5,12,151.60999999999999,2024-05-13,PO0007,,,,,,,0.0,0,0,0.0,0.0,0.0,0,0,0.0,0.0,0,0,0,1,1,0,,
INV0008,V005,Vendor_5,GBP,15395.3,5,20,203.03799999999998,2024-06-19,PO0008,PO0008,2024-05-22,Vendor_5,15395.3,GRN0008,2024-06-14,1.0,1,1,0.0,0.0,0.0,0,0,28.0,5.0,0,0,0,0,1,0,,
INV0009,V012,Vendor_12,GBP,16936.98,5,19,244.1,2024-08-23,PO0009,PO0009,2024-07-29,Vendor_12,16936.98,GRN0009,2024-08-23,1.0,1,1,0.0,0.0,0.0,0,0,25.0,0.0,0,0,0,0,1,1,TAX_MISCODE,
INV0010,V010,Vendor_10,GBP,12832.45,5,15,284.12,2024-03-04,PO0010,PO0010,2024-02-03,Vendor_10,12832.45,GRN0010,2024-02-29,1.0,1,1,0.0,0.0,0.0,0,0,30.0,4.0,0,0,0,0,1,0,,
INV0011,V005,Vendor_5,USD,22113.53,5,18,288.826,2024-05-04,PO0011,,,,,,,0.0,0,0,0.0,0.0,0.0,0,0,0.0,0.0,0,0,0,1,0,1,MISSING_PO,
INV0012,V007,Vendor_7,USD,12169.64,5,18,282.164,2024-12-27,PO0012,PO0012,2024-12-10,Vendor_7,12169.64,GRN0012,2024-12-26,1.0,1,1,0.0,0.0,0.0,0,0,17.0,1.0,0,0,0,0,1,0,,
INV0013,V016,Vendor_16,USD,4519.75,5,19,157.536,2024-02-11,PO0013,,,Vendor_16,,GRN0013,2024-02-09,1.0,1,1,0.0,0.0,0.0,0,0,15.0,2.0,0,0,0,1,1,0,,
INV0014,V016,Vendor_16,USD,13081.08,5,12,278.076,2024-08-03,PO0014,PO0014,2024-07-11,Vendor_16,13081.08,GRN0014,2024-07-30,1.0,1,1,0.0,0.0,0.0,0,0,23.0,4.0,0,0,0,0,1,0,,
INV0015,V008,Vendor_8,GBP,6071.97,5,10,181.89000000000001,2024-12-20,PO0015,PO0015,2024-12-07,Vendor_8,6071.97,GRN0015,2024-12-16,1.0,1,1,0.0,0.0,0.0,0,0,13.0,4.0,0,0,0,0,1,0,,
INV0016,V011,Vendor_11,EUR,13461.93,5,20,151.892,2024-08-13,PO0016,PO0016,2024-07-23,Vendor_11,13461.93,GRN0016,2024-08-08,1.0,1,1,0.0,0.0,0.0,0,0,21.0,5.0,0,0,0,0,1,0,,
INV0017,V009,Vendor_9,EUR,15451.05,5,15,299.916,2024-04-29,PO0017,PO0017,2024-04-27,Vendor_9,15451.05,GRN0017,2024-04-27,1.0,1,1,0.0,0.0,0.0,0,0,2.0,2.0,0,0,0,0,1,0,,
INV0018,V016,Vendor_16,GBP,23497.29,5,20,342.18,2024-12-21,PO0018,PO0018,2024-12-02,Vendor_16,23497.29,GRN0018,2024-12-21,1.0,1,1,0.0,0.0,0.0,0,0,19.0,0.0,0,0,0,0,1,0,,
INV0019,V003,Vendor_3,GBP,21618.62,5,19,289.4,2024-03-10,PO0019,PO0019,2024-02-16,Vendor_3,21618.62,GRN0019,2024-03-06,1.0,1,1,2636.08,2636.08,0.12193562771351733,1,1,23.0,4.0,0,1,0,0,1,1,PRICE_VARIANCE,2636.08
INV0020,V005,Vendor_5,USD,8017.05,5,18,200.544,2024-12-01,PO0020,PO0020,2024-11-15,Vendor_5,8017.05,GRN0020,2024-11-30,1.0,1,1,0.0,0.0,0.0,0,0,16.0,1.0,0,0,0,0,1,0,,
INV0021,V010,Vendor_10,EUR,8585.31,5,13,199.81400000000002,2024-08-26,PO0021,PO0021,2024-07-28,Vendor_10,8585.31,GRN0021,2024-08-23,1.0,1,1,0.0,0.0,0.0,0,0,29.0,3.0,0,0,0,0,1,0,,
INV0022,V011,Vendor_11,INR,13578.009999999998,5,15,334.46999999999997,2024-05-31,PO0022,,,,,,,0.0,0,0,0.0,0.0,0.0,0,0,0.0,0.0,0,0,0,1,1,0,,
INV0023,V005,Vendor_5,USD,10462.44,5,18,214.64000000000001,2024-02-29,PO0023,PO0023,2024-02-27,Vendor_5,10462.44,GRN0023,2024-02-27,1.0,1,1,0.0,0.0,0.0,0,0,2.0,2.0,0,0,0,0,1,0,,
INV0024,V008,Vendor_8,GBP,8070.1,5,17,242.324,2024-04-20,PO0024,PO0024,2024-03-31,Vendor_8,8070.1,GRN0024,2024-04-18,1.0,1,1,0.0,0.0,0.0,0,0,20.0,2.0,0,0,0,0,1,0,,
INV0025,V003,Vendor_3,USD,13191.84,5,18,252.27799999999996,2024-08-15,PO0025,PO0025,2024-08-01,Vendor_3,13191.84,GRN0025,2024-08-15,1.0,1,0,0.0,0.0,0.0,0,0,14.0,0.0,0,0,0,1,1,0,,
INV0026,V004,Vendor_4,EUR,15640.99,5,15,302.386,2024-06-29,PO0026,PO0026,2024-06-07,Vendor_4,15640.99,GRN0026,2024-06-28,1.0,1,0,0.0,0.0,0.0,0,0,22.0,1.0,0,0,0,1,1,0,,
INV0027,V003,Vendor_3,GBP,20305.84,5,20,320.326,2024-01-26,PO0027,PO0027,2023-12-30,Vendor_3,20305.84,GRN0027,2024-01-26,1.0,1,1,0.0,0.0,0.0,0,0,27.0,0.0,0,0,0,0,1,1,QUANTITY_VARIANCE,-2068.22
INV0028,V012,Vendor_12,USD,20710.46,5,19,352.108,2024-12-19,PO0028,PO0028,2024-12-12,Vendor_12,20710.46,GRN0028,2024-12-16,1.0,1,1,0.0,0.0,0.0,0,0,7.0,3.0,0,0,0,0,1,0,,
INV0029,V002,Vendor_2,GBP,15576.93,5,19,233.244,2024-10-29,PO0029,PO0029,2024-10-13,Vendor_2,15576.93,GRN0029,2024-10-28,1.0,1,1,0.0,0.0,0.0,0,0,16.0,1.0,0,0,0,0,1,0,,
INV0030,V010,Vendor_10,GBP,4981.16,5,17,111.17999999999999,2024-07-16,PO0030,,,,,,,0.0,0,0,0.0,0.0,0.0,0,0,0.0,0.0,0,0,0,1,0,0,,
INV0031,V008,Vendor_8,INR,24855.98,5,17,380.924,2024-07-05,PO0031,PO0031,2024-06-10,Vendor_8,24855.98,GRN0031,2024-06-30,1.0,1,1,0.0,0.0,0.0,0,0,25.0,5.0,0,0,0,0,1,0,,
INV0032,V008,Vendor_8,USD,13217.95,5,20,169.172,2024-07-10,PO0032,PO0032,2024-06-14,Vendor_8,13217.95,GRN0032,2024-07-05,1.0,1,1,0.0,0.0,0.0,0,0,26.0,5.0,0,0,0,0,1,0,,
INV0033,V016,Vendor_16,USD,14860.63,5,18,257.628,2024-07-18,PO0033,,,,,,,0.0,0,0,0.0,0.0,0.0,0,0,0.0,0.0,0,0,0,1,1,0,,
INV0034,V014,Vendor_14,INR,9338.130000000001,5,17,243.16,2024-07-07,PO0034,PO0034,2024-06-12,Vendor_14,9338.13,GRN0034,2024-07-04,1.0,1,1,1.8189894035458565e-12,1.8189894035458565e-12,1.9479161283317502e-16,0,0,25.0,3.0,0,0,0,0,1,0,,
INV0035,V015,Vendor_15,GBP,13233.12,5,20,228.47200000000004,2024-12-13,PO0035,,,Vendor_15,,GRN0035,2024-12-11,1.0,1,1,0.0,0.0,0.0,0,0,2.0,2.0,0,0,0,1,1,0,,
INV0036,V001,Vendor_1,GBP,8217.150000000001,5,16,189.882,2024-09-09,PO0036,,,Vendor_1,,GRN0036,2024-09-08,1.0,1,1,1.8189894035458565e-12,1.8189894035458565e-12,2.2136499924497625e-16,0,0,6.0,1.0,0,0,0,1,1,0,,
INV0037,V011,Vendor_11,USD,10856.310000000001,5,18,205.52399999999997,2024-11-05,PO0037,PO0037,2024-10-25,Vendor_11,10856.31,GRN0037,2024-10-31,1.0,1,1,1.8189894035458565e-12,1.8189894035458565e-12,1.6755135064730619e-16,0,0,11.0,5.0,0,0,0,0,1,0,,
INV0038,V011,Vendor_11,GBP,8493.74,5,16,171.906,2024-03-22,PO0038,,,,,,,0.0,0,0,0.0,0.0,0.0,0,0,0.0,0.0,0,0,0,1,1,0,,
INV0039,V005,Vendor_5,EUR,10589.169999999998,5,17,243.03400000000002,2024-07-06,PO0039,PO0039,2024-06-28,Vendor_5,10589.17,GRN0039,2024-07-01,1.0,1,1,-1.8189894035458565e-12,1.8189894035458565e-12,-1.7177827946343825e-16,0,0,8.0,5.0,0,0,0,0,1,0,,
INV0040,V014,Vendor_14,EUR,20813.64,5,18,363.06399999999996,2024-03-18,PO0040,PO0040,2024-03-03,Vendor_14,20813.64,GRN0040,2024-03-13,1.0,1,1,0.0,0.0,0.0,0,0,15.0,5.0,0,0,0,0,1,1,QUANTITY_VARIANCE,3613.06
INV0041,V009,Vendor_9,INR,17016.9,5,18,274.27799999999996,2024-12-01,PO0041,,,,,,,0.0,0,0,0.0,0.0,0.0,0,0,0.0,0.0,0,0,0,1,1,0,,
INV0042,V010,Vendor_10,USD,12236.47,5,19,169.466,2024-04-05,PO0042,PO0042,2024-04-01,Vendor_10,12236.47,GRN0042,2024-04-04,1.0,1,1,0.0,0.0,0.0,0,0,4.0,1.0,0,0,0,0,1,0,,
INV0043,V012,Vendor_12,EUR,17037.11,5,20,259.584,2024-11-30,PO0043,,,,,,,0.0,0,0,0.0,0.0,0.0,0,0,0.0,0.0,0,0,0,1,0,0,,
INV0044,V015,Vendor_15,EUR,8608.01,5,18,262.162,2024-01-29,PO0044,PO0044,2024-01-05,Vendor_15,8608.01,GRN0044,2024-01-25,1.0,1,1,0.0,0.0,0.0,0,0,24.0,4.0,0,0,0,0,1,0,,
INV0045,V008,Vendor_8,EUR,11421.12,5,14,273.784,2024-07-13,PO0045,PO0045,2024-06-24,Vendor_8,11421.12,GRN0045,2024-07-13,1.0,1,1,0.0,0.0,0.0,0,0,19.0,0.0,0,0,0,0,1,0,,
INV0046,V018,Vendor_18,INR,13941.09,5,16,215.50799999999998,2024-08-06,PO0046,PO0046,2024-07-22,Vendor_18,13941.09,GRN0046,2024-08-03,1.0,1,1,0.0,0.0,0.0,0,0,15.0,3.0,0,0,0,0,1,0,,
INV0047,V020,Vendor_20,EUR,16686.58,5,18,229.256,2024-12-22,PO0047,PO0047,2024-12-10,Vendor_20,16686.58,GRN0047,2024-12-17,1.0,1,1,0.0,0.0,0.0,0,0,12.0,5.0,0,0,0,0,1,1,TAX_MISCODE,
INV0048,V017,Vendor_17,USD,13017.29,5,20,158.476,2024-01-31,PO0048,,,Vendor_17,,GRN0048,2024-01-31,0.30282652208788696,0,1,0.0,0.0,0.0,0,0,14.0,0.0,0,0,0,1,1,0,,
INV0049,V002,Vendor_2,USD,12681.34,5,18,246.32600000000002,2024-02-11,PO0049,PO0049,2024-01-19,Vendor_2,12681.34,GRN0049,2024-02-07,1.0,1,1,0.0,0.0,0.0,0,0,23.0,4.0,0,0,0,0,1,0,,
INV0050,V008,Vendor_8,USD,12502.55,5,18,171.952,2024-08-11,PO0050,PO0050,2024-07-13,Vendor_8,12502.55,GRN0050,2024-08-06,1.0,1,1,0.0,0.0,0.0,0,0,29.0,5.0,0,0,0,0,1,0,,
INV0051,V019,Vendor_19,EUR,21401.77,5,20,274.366,2024-05-04,PO0051,PO0051,2024-04-22,Vendor_19,21401.77,GRN0051,2024-04-29,1.0,1,1,0.0,0.0,0.0,0,0,12.0,5.0,0,0,0,0,1,0,,
INV0052,V018,Vendor_18,USD,20278.17,5,20,237.484,2024-04-02,PO0052,PO0052,2024-03-15,Vendor_18,20278.17,GRN0052,2024-04-02,1.0,1,1,0.0,0.0,0.0,0,0,18.0,0.0,0,0,0,0,1,1,TAX_MISCODE,
INV0053,V019,Vendor_19,EUR,5176.88,5,8,257.988,2024-12-18,PO0053,PO0053,2024-12-04,Vendor_19,5176.88,GRN0053,2024-12-15,1.0,1,1,0.0,0.0,0.0,0,0,14.0,3.0,0,0,0,0,1,0,,
INV0054,V014,Vendor_14,INR,8797.73,5,20,197.78400000000002,2024-12-02,PO0054,PO0054,2024-11-30,Vendor_14,8797.73,GRN0054,2024-11-30,1.0,1,1,0.0,0.0,0.0,0,0,2.0,2.0,0,0,0,0,1,0,,
INV0055,V006,Vendor_6,EUR,12462.8,5,18,233.73600000000002,2024-10-02,PO0055,PO0055,2024-09-18,Vendor_6,12462.8,GRN0055,2024-09-28,1.0,1,1,0.0,0.0,0.0,0,0,14.0,4.0,0,0,0,0,1,0,,
INV0056,V015,Vendor_15,GBP,13871.44,5,17,353.42199999999997,2024-01-17,PO0056,PO0056,2023-12-25,Vendor_15,13871.44,GRN0056,2024-01-14,1.0,1,1,0.0,0.0,0.0,0,0,23.0,3.0,0,0,0,0,1,0,,
INV0057,V013,Vendor_13,INR,12399.33,5,16,255.092,2024-12-12,PO0057,,,,,,,0.0,0,0,0.0,0.0,0.0,0,0,0.0,0.0,0,0,0,1,1,0,,
INV0058,V006,Vendor_6,GBP,15788.04,5,20,253.6,2024-06-03,PO0058,PO0058,2024-05-31,Vendor_6,15788.04,GRN0058,2024-06-01,1.0,1,1,0.0,0.0,0.0,0,0,3.0,2.0,0,0,0,0,1,0,,
INV0059,V012,Vendor_12,EUR,22838.23,5,20,269.13,2024-08-13,PO0059,,,,,,,0.0,0,0,0.0,0.0,0.0,0,0,0.0,0.0,0,0,0,1,0,0,,
INV0060,V003,Vendor_3,USD,8386.380000000001,5,20,193.706,2024-08-29,PO0060,PO0060,2024-08-17,Vendor_3,8386.38,GRN0060,2024-08-26,1.0,1,1,1.8189894035458565e-12,1.8189894035458565e-12,2.168980422477704e-16,0,0,12.0,3.0,0,0,0,0,1,0,,
INV0061,V006,Vendor_6,GBP,4352.75,5,17,164.05,2024-05-12,PO0061,PO0061,2024-04-29,Vendor_6,4352.75,GRN0061,2024-05-08,1.0,1,1,0.0,0.0,0.0,0,0,13.0,4.0,0,0,0,0,1,0,,
INV0062,V002,Vendor_2,INR,7708.900000000001,5,12,311.54200000000003,2024-09-21,PO0062,PO0062,2024-08-22,Vendor_2,7708.9,GRN0062,2024-09-20,1.0,1,1,9.094947017729282e-13,9.094947017729282e-13,1.1797982873988873e-16,0,0,30.0,1.0,0,0,0,0,1,0,,
INV0063,V019,Vendor_19,USD,8831.91,5,15,174.49200000000002,2024-02-13,PO0063,PO0063,2024-01-14,Vendor_19,8831.91,GRN0063,2024-02-12,1.0,1,1,0.0,0.0,0.0,0,0,30.0,1.0,0,0,0,0,1,0,,
INV0064,V001,Vendor_1,INR,10792.66,5,20,142.424,2024-03-30,PO0064,PO0064,2024-03-26,Vendor_1,10792.66,GRN0064,2024-03-30,1.0,1,1,0.0,0.0,0.0,0,0,4.0,0.0,0,0,0,0,1,1,QUANTITY_VARIANCE,-1528.5
INV0065,V010,Vendor_10,INR,18170.59,5,18,364.04,2024-11-27,PO0065,PO0065,2024-11-21,Vendor_10,18170.59,GRN0065,2024-11-27,1.0,1,1,0.0,0.0,0.0,0,0,6.0,0.0,0,0,0,0,1,0,,
INV0066,V012,Vendor_12,EUR,11092.59,5,16,214.57600000000002,2024-01-15,PO0066,PO0066,2023-12-27,Vendor_12,11092.59,GRN0066,2024-01-14,1.0,1,1,0.0,0.0,0.0,0,0,19.0,1.0,0,0,0,0,1,0,,
INV0067,V018,Vendor_18,GBP,13465.04,5,19,203.62,2024-03-30,PO0067,,,,,,,0.0,0,0,0.0,0.0,0.0,0,0,0.0,0.0,0,0,0,1,1,0,,
INV0068,V008,Vendor_8,EUR,6745.8,5,11,201.522,2024-10-22,PO0068,PO0068,2024-10-07,Vendor_8,6745.8,GRN0068,2024-10-17,1.0,1,1,0.0,0.0,0.0,0,0,15.0,5.0,0,0,0,0,1,1,QUANTITY_VARIANCE,1345.5
INV0069,V006,Vendor_6,GBP,9944.02,5,20,125.03600000000002,2024-04-15,PO0069,,,,,,,0.0,0,0,0.0,0.0,0.0,0,0,0.0,0.0,0,0,0,1,1,0,,
INV0070,V006,Vendor_6,EUR,12789.85,5,13,277.806,2024-08-17,PO0070,PO0070,2024-07-30,Vendor_6,12789.85,GRN0070,2024-08-15,1.0,1,1,0.0,0.0,0.0,0,0,18.0,2.0,0,0,0,0,1,1,TAX_MISCODE,
INV0071,V008,Vendor_8,USD,25839.35,5,17,332.01,2024-06-18,PO0071,PO0071,2024-06-02,Vendor_8,25839.35,GRN0071,2024-06-18,1.0,1,1,0.0,0.0,0.0,0,0,16.0,0.0,0,0,0,0,1,0,,
INV0072,V007,Vendor_7,GBP,8742.89,5,15,214.13599999999997,2024-07-03,PO0072,,,Vendor_7,,GRN0072,2024-06-28,1.0,1,1,0.0,0.0,0.0,0,0,26.0,5.0,0,0,0,1,1,0,,
INV0073,V010,Vendor_10,INR,15024.07,5,14,258.61,2024-08-26,PO0073,,,,,,,0.0,0,0,0.0,0.0,0.0,0,0,0.0,0.0,0,0,0,1,0,0,,
INV0074,V018,Vendor_18,INR,3832.04,5,15,139.728,2024-04-23,PO0074,PO0074,2024-04-09,Vendor_18,3832.04,GRN0074,2024-04-23,1.0,1,1,0.0,0.0,0.0,0,0,14.0,0.0,0,0,0,0,1,0,,
INV0075,V003,Vendor_3,INR,11144.64,5,16,232.622,2024-04-02,PO0075,PO0075,2024-03-15,Vendor_3,11144.64,GRN0075,2024-04-02,1.0,1,1,0.0,0.0,0.0,0,0,18.0,0.0,0,0,0,0,1,0,,
INV0076,V001,Vendor_1,EUR,9899.699999999999,5,17,214.53199999999998,2024-07-25,PO0076,PO0076,2024-07-17,Vendor_1,9899.7,GRN0076,2024-07-24,1.0,1,1,-1.8189894035458565e-12,1.8189894035458565e-12,-1.83741871323965e-16,0,0,8.0,1.0,0,0,0,0,1,0,,
INV0077,V014,Vendor_14,GBP,11258.4,5,16,170.89,2024-07-02,PO0077,PO0077,2024-06-27,Vendor_14,11258.4,GRN0077,2024-06-30,1.0,1,0,0.0,0.0,0.0,0,0,5.0,2.0,0,0,0,1,1,0,,
INV0078,V020,Vendor_20,GBP,22931.71,5,19,378.162,2024-08-12,PO0078,,,,,,,0.0,0,0,0.0,0.0,0.0,0,0,0.0,0.0,0,0,0,1,1,0,,
INV0079,V011,Vendor_11,USD,17969.99,5,18,295.688,2024-04-24,PO0079,PO0079,2024-04-01,Vendor_11,17969.99,GRN0079,2024-04-21,1.0,1,1,939.29,939.29,0.052269923355549995,1,1,23.0,3.0,0,0,0,0,1,1,PRICE_VARIANCE,939.29
INV0080,V020,Vendor_20,GBP,24047.18,5,19,353.93,2024-11-05,PO0080,,,,,,,0.0,0,0,0.0,0.0,0.0,0,0,0.0,0.0,0,0,0,1,1,0,,
INV0081,V016,Vendor_16,USD,27331.42,5,20,332.438,2024-03-09,PO0081,PO0081,2024-03-07,Vendor_16,27331.42,GRN0081,2024-03-05,1.0,1,1,0.0,0.0,0.0,0,0,2.0,4.0,0,1,0,0,0,1,TAX_MISCODE,
INV0082,V004,Vendor_4,GBP,12734.93,5,18,229.388,2024-06-14,PO0082,PO0082,2024-05-19,Vendor_4,12734.93,GRN0082,2024-06-14,0.3092249700165663,0,1,0.0,0.0,0.0,0,0,26.0,0.0,0,0,0,0,1,1,TAX_MISCODE,
INV0083,V011,Vendor_11,USD,10532.02,5,17,180.31599999999997,2024-12-16,PO0083,PO0083,2024-12-12,Vendor_11,10532.02,GRN0083,2024-12-12,1.0,1,1,-1507.3,1507.3,-0.14311594546915027,1,1,4.0,4.0,0,0,0,0,1,1,PRICE_VARIANCE,-1507.3
INV0084,V007,Vendor_7,INR,21107.620000000003,5,20,274.004,2024-05-30,PO0084,,,,,,,0.0,0,0,0.0,0.0,0.0,0,0,0.0,0.0,0,0,0,1,1,0,,
INV0085,V018,Vendor_18,INR,11191.05,5,20,210.16199999999998,2024-04-15,PO0085,PO0085,2024-03-27,Vendor_18,11191.05,GRN0085,2024-04-11,1.0,1,1,0.0,0.0,0.0,0,0,19.0,4.0,0,0,0,0,1,0,,
INV0086,V005,Vendor_5,GBP,19613.17,5,19,230.406,2024-11-20,PO0086,PO0086,2024-11-19,Vendor_5,19613.17,GRN0086,2024-11-18,1.0,1,1,0.0,0.0,0.0,0,0,1.0,2.0,0,0,0,0,1,1,TAX_MISCODE,
INV0087,V010,Vendor_10,EUR,7625.74,5,18,216.71599999999998,2024-12-03,PO0087,PO0087,2024-11-04,Vendor_10,7625.74,GRN0087,2024-12-02,1.0,1,0,0.0,0.0,0.0,0,0,29.0,1.0,0,0,0,1,1,0,,
INV0088,V019,Vendor_19,GBP,16459.48,5,20,237.106,2024-04-24,PO0088,PO0088,2024-04-13,Vendor_19,16459.48,GRN0088,2024-04-23,1.0,1,1,0.0,0.0,0.0,0,0,11.0,1.0,0,0,0,0,1,1,TAX_MISCODE,
INV0089,V008,Vendor_8,INR,10669.279999999999,5,10,288.996,2024-07-11,PO0089,PO0089,2024-06-13,Vendor_8,10669.28,GRN0089,2024-07-08,1.0,1,1,-1.8189894035458565e-12,1.8189894035458565e-12,-1.7048848690313276e-16,0,0,28.0,3.0,0,0,0,0,1,0,,
INV0090,V015,Vendor_15,INR,15247.720000000001,5,18,325.312,2024-04-20,PO0090,PO0090,2024-03-25,Vendor_15,15247.72,GRN0090,2024-04-19,1.0,1,0,1.8189894035458565e-12,1.8189894035458565e-12,1.1929582937946502e-16,0,0,26.0,1.0,0,0,0,1,1,0,,
INV0091,V014,Vendor_14,INR,13988.0,5,16,255.74200000000002,2024-12-13,PO0091,,,,,,,0.0,0,0,0.0,0.0,0.0,0,0,0.0,0.0,0,0,0,1,1,0,,
INV0092,V013,Vendor_13,EUR,11689.55,5,13,279.51,2024-12-14,PO0092,PO0092,2024-11-28,Vendor_13,11689.55,GRN0092,2024-12-11,1.0,1,1,-886.81,886.81,-0.07586348490746009,1,1,16.0,3.0,0,1,0,0,1,1,PRICE_VARIANCE,-886.81
INV0093,V017,Vendor_17,GBP,11619.05,5,20,219.356,2024-12-02,PO0093,PO0093,2024-11-16,Vendor_17,11619.05,GRN0093,2024-12-01,1.0,1,1,0.0,0.0,0.0,0,0,16.0,1.0,0,0,0,0,1,0,,
INV0094,V018,Vendor_18,GBP,22536.989999999998,5,18,358.992,2024-05-11,PO0094,PO0094,2024-05-07,Vendor_18,22536.99,GRN0094,2024-05-10,1.0,1,1,-3.637978807091713e-12,3.637978807091713e-12,-1.6142256827960224e-16,0,0,4.0,1.0,0,0,0,0,1,0,,
INV0095,V005,Vendor_5,USD,20843.940000000002,5,18,248.392,2024-07-01,PO0095,PO0095,2024-06-18,Vendor_5,20843.94,GRN0095,2024-06-27,1.0,1,1,3.637978807091713e-12,3.637978807091713e-12,1.745341239272284e-16,0,0,13.0,4.0,0,0,0,0,1,0,,
INV0096,V012,Vendor_12,EUR,15579.08,5,18,276.592,2024-06-24,PO0096,PO0096,2024-06-03,Vendor_12,15579.08,GRN0096,2024-06-19,0.5099098641033556,0,1,0.0,0.0,0.0,0,0,21.0,5.0,0,0,0,0,1,1,TAX_MISCODE,
INV0097,V012,Vendor_12,USD,20080.489999999998,5,20,266.254,2024-05-11,PO0097,PO0097,2024-04-23,Vendor_12,20080.49,GRN0097,2024-05-11,1.0,1,1,-3.637978807091713e-12,3.637978807091713e-12,-1.8116982240431946e-16,0,0,18.0,0.0,0,0,0,0,1,0,,
INV0098,V005,Vendor_5,EUR,13220.890000000001,5,18,278.756,2024-01-12,PO0098,PO0098,2024-01-07,Vendor_5,13220.89,GRN0098,2024-01-07,1.0,1,1,1.8189894035458565e-12,1.8189894035458565e-12,1.3758448966339304e-16,0,0,5.0,5.0,0,0,0,0,1,0,,
INV0099,V003,Vendor_3,INR,13946.06,5,13,297.468,2024-04-26,PO0099,,,,,,,0.0,0,0,0.0,0.0,0.0,0,0,0.0,0.0,0,0,0,1,0,0,,
INV0100,V007,Vendor_7,GBP,8815.18,5,15,190.744,2024-09-08,PO0100,,,,,,,0.0,0,0,0.0,0.0,0.0,0,0,0.0,0.0,0,0,0,1,1,0,,
INV0101,V007,Vendor_7,INR,14666.14,5,16,244.618,2024-01-18,PO0101,,,,,,,0.0,0,0,0.0,0.0,0.0,0,0,0.0,0.0,0,0,0,1,0,0,,
INV0102,V005,Vendor_5,USD,11152.43,5,18,234.91,2024-11-26,PO0102,PO0102,2024-11-23,Vendor_5,11152.43,GRN0102,2024-11-22,1.0,1,1,0.0,0.0,0.0,0,0,3.0,4.0,0,0,0,0,1,0,,
INV0103,V016,Vendor_16,EUR,16547.54,5,18,299.41999999999996,2024-12-15,PO0103,PO0103,2024-12-09,Vendor_16,16547.54,GRN0103,2024-12-14,1.0,1,1,0.0,0.0,0.0,0,0,6.0,1.0,0,0,0,0,1,0,,
INV0104,V017,Vendor_17,EUR,17221.09,5,20,339.296,2024-04-08,PO0104,PO0104,2024-03-18,Vendor_17,17221.09,GRN0104,2024-04-05,1.0,1,1,0.0,0.0,0.0,0,0,21.0,3.0,0,0,0,0,1,0,,
INV0105,V011,Vendor_11,USD,17615.05,5,19,224.27400000000003,2024-04-19,PO0105,PO0105,2024-03-23,Vendor_11,17615.05,GRN0105,2024-04-14,1.0,1,1,0.0,0.0,0.0,0,0,27.0,5.0,0,0,0,0,1,0,,
INV0106,V002,Vendor_2,GBP,18004.94,5,20,251.314,2024-09-25,PO0106,PO0106,2024-09-13,Vendor_2,18004.94,GRN0106,2024-09-24,1.0,1,1,0.0,0.0,0.0,0,0,12.0,1.0,0,0,0,0,1,0,,
INV0107,V020,Vendor_20,INR,4565.1,5,16,212.152,2024-06-28,PO0107,PO0107,2024-06-01,Vendor_20,4565.1,GRN0107,2024-06-26,1.0,1,1,0.0,0.0,0.0,0,0,27.0,2.0,0,0,0,0,1,0,,
INV0108,V009,Vendor_9,GBP,9283.51,5,13,226.394,2024-12-04,PO0108,,,Vendor_9,,GRN0108,2024-12-04,1.0,1,1,0.0,0.0,0.0,0,0,14.0,0.0,0,0,0,1,1,0,,
INV0109,V005,Vendor_5,USD,11451.22,5,14,328.004,2024-12-02,PO0109,PO0109,2024-11-07,Vendor_5,11451.22,GRN0109,2024-11-29,1.0,1,1,0.0,0.0,0.0,0,0,25.0,3.0,0,0,0,0,1,0,,
INV0110,V001,Vendor_1,GBP,23807.670000000002,5,20,372.056,2024-04-04,PO0110,,,,,,,0.0,0,0,0.0,0.0,0.0,0,0,0.0,0.0,0,0,0,1,1,0,,
INV0111,V008,Vendor_8,INR,13891.18,5,17,252.87600000000003,2024-01-22,PO0111,PO0111,2023-12-28,Vendor_8,13891.18,GRN0111,2024-01-19,1.0,1,1,0.0,0.0,0.0,0,0,25.0,3.0,0,0,0,0,1,0,,
INV0112,V012,Vendor_12,USD,12732.8,5,20,315.302,2024-08-18,PO0112,PO0112,2024-08-17,Vendor_12,12732.8,GRN0112,2024-08-17,1.0,1,1,0.0,0.0,0.0,0,0,1.0,1.0,0,0,0,0,1,0,,
INV0113,V019,Vendor_19,GBP,14709.35,5,19,213.256,2024-12-07,PO0113,PO0113,2024-11-15,Vendor_19,14709.35,GRN0113,2024-12-02,1.0,1,1,0.0,0.0,0.0,0,0,22.0,5.0,0,0,0,0,1,1,TAX_MISCODE,
INV0114,V020,Vendor_20,GBP,5169.3,5,11,199.54000000000002,2024-10-21,PO0114,PO0114,2024-09-21,Vendor_20,5169.3,GRN0114,2024-10-19,1.0,1,1,0.0,0.0,0.0,0,0,30.0,2.0,0,0,0,0,1,0,,
INV0115,V015,Vendor_15,GBP,5945.93,5,17,155.83200000000002,2024-11-17,PO0115,PO0115,2024-11-04,Vendor_15,5945.93,GRN0115,2024-11-14,1.0,1,1,0.0,0.0,0.0,0,0,13.0,3.0,0,0,0,0,1,0,,
INV0116,V016,Vendor_16,GBP,13758.53,5,19,220.294,2024-06-23,PO0116,PO0116,2024-06-03,Vendor_16,13758.53,GRN0116,2024-06-22,1.0,1,1,0.0,0.0,0.0,0,0,20.0,1.0,0,0,0,0,1,0,,
INV0117,V018,Vendor_18,GBP,14178.9,5,15,321.81399999999996,2024-06-28,PO0117,PO0117,2024-06-04,Vendor_18,14178.9,GRN0117,2024-06-27,1.0,1,1,0.0,0.0,0.0,0,0,24.0,1.0,0,0,0,0,1,0,,
INV0118,V003,Vendor_3,INR,18020.01,5,20,191.19,2024-01-16,PO0118,PO0118,2023-12-31,Vendor_3,18020.01,GRN0118,2024-01-12,1.0,1,1,0.0,0.0,0.0,0,0,16.0,4.0,0,1,0,0,1,1,QUANTITY_VARIANCE,752.49
INV0119,V011,Vendor_11,INR,10802.66,5,12,336.9,2024-07-13,PO0119,PO0119,2024-06-17,Vendor_11,10802.66,GRN0119,2024-07-09,1.0,1,1,0.0,0.0,0.0,0,0,26.0,4.0,0,0,0,0,1,1,TAX_MISCODE,
INV0120,V008,Vendor_8,INR,19686.75,5,20,262.27,2024-01-16,PO0120,PO0120,2023-12-18,Vendor_8,19686.75,GRN0120,2024-01-13,1.0,1,1,0.0,0.0,0.0,0,0,29.0,3.0,0,0,0,0,1,0,,
INV0121,V019,Vendor_19,GBP,15513.33,5,19,224.93800000000002,2024-10-06,PO0121,PO0121,2024-09-15,Vendor_19,15513.33,GRN0121,2024-10-01,1.0,1,0,0.0,0.0,0.0,0,0,21.0,5.0,0,0,0,1,1,0,,
INV0122,V019,Vendor_19,EUR,8832.48,5,14,236.10399999999998,2024-08-30,PO0122,PO0122,2024-08-24,Vendor_19,8832.48,GRN0122,2024-08-29,1.0,1,1,0.0,0.0,0.0,0,0,6.0,1.0,0,0,0,0,1,0,,
INV0123,V015,Vendor_15,EUR,10142.1,5,15,262.43600000000004,2024-05-01,PO0123,PO0123,2024-04-11,Vendor_15,10142.1,GRN0123,2024-04-27,1.0,1,1,0.0,0.0,0.0,0,0,20.0,4.0,0,0,0,0,1,0,,
INV0124,V001,Vendor_1,INR,16347.2,5,20,299.338,2024-02-04,PO0124,,,,,,,0.0,0,0,0.0,0.0,0.0,0,0,0.0,0.0,0,0,0,1,1,0,,
INV0125,V020,Vendor_20,INR,10653.9,5,16,171.50799999999998,2024-04-12,PO0125,PO0125,2024-03-18,Vendor_20,10653.9,GRN0125,2024-04-12,1.0,1,1,0.0,0.0,0.0,0,0,25.0,0.0,0,0,0,0,1,0,,
INV0126,V012,Vendor_12,GBP,15787.31,5,18,308.646,2024-10-01,PO0126,PO0126,2024-09-17,Vendor_12,15787.31,GRN0126,2024-09-27,1.0,1,0,0.0,0.0,0.0,0,0,14.0,4.0,0,0,0,1,1,0,,
INV0127,V017,Vendor_17,INR,9894.779999999999,5,20,248.54000000000002,2024-04-18,PO0127,PO0127,2024-04-17,Vendor_17,9894.78,GRN0127,2024-04-15,1.0,1,1,-1.8189894035458565e-12,1.8189894035458565e-12,-1.838332336389345e-16,0,0,1.0,3.0,0,0,0,0,1,0,,
INV0128,V008,Vendor_8,USD,19110.64,5,20,243.224,2024-08-12,PO0128,PO0128,2024-08-09,Vendor_8,19110.64,GRN0128,2024-08-08,1.0,1,0,0.0,0.0,0.0,0,0,3.0,4.0,0,0,0,1,1,0,,
INV0129,V007,Vendor_7,GBP,5026.37,5,16,106.518,2024-11-16,PO0129,,,,,,,0.0,0,0,0.0,0.0,0.0,0,0,0.0,0.0,0,0,0,1,0,0,,
INV0130,V015,Vendor_15,EUR,12822.18,5,20,206.67600000000002,2024-11-08,PO0130,PO0130,2024-10-10,Vendor_15,12822.18,GRN0130,2024-11-07,1.0,1,1,0.0,0.0,0.0,0,0,29.0,1.0,0,0,0,0,1,0,,
INV0131,V014,Vendor_14,USD,15315.369999999999,5,15,259.71400000000006,2024-01-03,PO0131,PO0131,2023-12-09,Vendor_14,15315.37,GRN0131,2023-12-29,1.0,1,1,-306.67,306.67,-0.020023675562523137,1,0,25.0,5.0,0,1,0,0,1,1,PRICE_VARIANCE,-306.67
INV0132,V020,Vendor_20,EUR,19458.4,5,18,288.45,2024-05-18,PO0132,PO0132,2024-05-16,Vendor_20,19458.4,GRN0132,2024-05-16,1.0,1,1,0.0,0.0,0.0,0,0,2.0,2.0,0,0,0,0,1,0,,
INV0133,V010,Vendor_10,INR,5758.77,5,19,145.462,2024-09-29,PO0133,,,,,,,0.0,0,0,0.0,0.0,0.0,0,0,0.0,0.0,0,0,0,1,1,0,,
INV0134,V006,Vendor_6,GBP,24185.78,5,20,414.7,2024-06-05,PO0134,PO0134,2024-05-27,Vendor_6,24185.78,GRN0134,2024-06-02,1.0,1,1,0.0,0.0,0.0,0,0,9.0,3.0,0,0,0,0,1,1,TAX_MISCODE,
INV0135,V019,Vendor_19,EUR,16410.67,5,17,264.45,2024-05-28,PO0135,PO0135,2024-05-07,Vendor_19,16410.67,GRN0135,2024-05-26,1.0,1,1,0.0,0.0,0.0,0,0,21.0,2.0,0,0,0,0,1,0,,
INV0136,V005,Vendor_5,USD,18900.079999999998,5,19,269.336,2024-07-31,PO0136,PO0136,2024-07-21,Vendor_5,18900.08,GRN0136,2024-07-27,1.0,1,1,-3.637978807091713e-12,3.637978807091713e-12,-1.9248483641824334e-16,0,0,10.0,4.0,0,0,0,0,1,0,,
INV0137,V020,Vendor_20,GBP,13744.56,5,17,241.808,2024-02-04,PO0137,PO0137,2024-01-15,Vendor_20,13744.56,GRN0137,2024-02-02,1.0,1,1,0.0,0.0,0.0,0,0,20.0,2.0,0,0,0,0,1,0,,
INV0138,V010,Vendor_10,GBP,9582.37,5,18,290.61199999999997,2024-09-22,PO0138,PO0138,2024-08-23,Vendor_10,9582.37,GRN0138,2024-09-20,1.0,1,1,0.0,0.0,0.0,0,0,30.0,2.0,0,0,0,0,1,1,QUANTITY_VARIANCE,-565.43
INV0139,V002,Vendor_2,EUR,8048.84,5,12,281.434,2024-08-08,PO0139,PO0139,2024-07-11,Vendor_2,8048.84,GRN0139,2024-08-05,1.0,1,1,0.0,0.0,0.0,0,0,28.0,3.0,0,0,0,0,1,0,,
INV0140,V006,Vendor_6,GBP,23272.65,5,20,358.536,2024-02-24,PO0140,PO0140,2024-02-07,Vendor_6,23272.65,GRN0140,2024-02-21,1.0,1,0,0.0,0.0,0.0,0,0,17.0,3.0,0,0,0,1,1,0,,
INV0141,V003,Vendor_3,GBP,14381.02,5,16,273.856,2024-03-27,PO0141,PO0141,2024-03-14,Vendor_3,14381.02,GRN0141,2024-03-22,1.0,1,1,0.0,0.0,0.0,0,0,13.0,5.0,0,0,0,0,1,0,,
INV0142,V010,Vendor_10,INR,9961.720000000001,5,18,222.398,2024-04-13,PO0142,PO0142,2024-03-25,Vendor_10,9961.72,GRN0142,2024-04-08,1.0,1,1,1.8189894035458565e-12,1.8189894035458565e-12,1.8259792521229835e-16,0,0,19.0,5.0,0,0,0,0,1,0,,
INV0143,V014,Vendor_14,GBP,14823.89,5,17,302.306,2024-07-01,PO0143,PO0143,2024-06-13,Vendor_14,14823.89,GRN0143,2024-06-26,1.0,1,0,0.0,0.0,0.0,0,0,18.0,5.0,0,0,0,1,1,0,,
INV0144,V013,Vendor_13,EUR,22026.88,5,20,253.13000000000002,2024-10-20,PO0144,PO0144,2024-09-30,Vendor_13,22026.88,GRN0144,2024-10-16,1.0,1,1,0.0,0.0,0.0,0,0,20.0,4.0,0,0,0,0,1,0,,
INV0145,V007,Vendor_7,INR,6212.4400000000005,5,20,133.288,2024-02-02,PO0145,PO0145,2024-01-11,Vendor_7,6212.44,GRN0145,2024-01-29,1.0,1,1,9.094947017729282e-13,9.094947017729282e-13,1.4639895142213499e-16,0,0,22.0,4.0,0,0,0,0,1,0,,
INV0146,V011,Vendor_11,INR,10781.71,5,18,347.032,2024-06-09,PO0146,,,,,,,0.0,0,0,0.0,0.0,0.0,0,0,0.0,0.0,0,0,0,1,0,0,,
INV0147,V009,Vendor_9,GBP,21596.38,5,18,325.412,2024-07-20,PO0147,PO0147,2024-07-09,Vendor_9,21596.38,GRN0147,2024-07-20,1.0,1,1,0.0,0.0,0.0,0,0,11.0,0.0,0,0,0,0,1,0,,
INV0148,V017,Vendor_17,EUR,17509.46,5,19,248.46599999999998,2024-05-07,PO0148,PO0148,2024-04-14,Vendor_17,17509.46,GRN0148,2024-05-04,1.0,1,1,0.0,0.0,0.0,0,0,23.0,3.0,0,0,0,0,1,1,QUANTITY_VARIANCE,-1046.68
INV0149,V007,Vendor_7,EUR,4878.93,5,9,170.14600000000002,2024-08-08,PO0149,,,,,,,0.0,0,0,0.0,0.0,0.0,0,0,0.0,0.0,0,0,0,1,1,0,,
INV0150,V015,Vendor_15,EUR,16852.78,5,16,239.756,2024-06-22,PO0150,PO0150,2024-06-05,Vendor_15,16852.78,GRN0150,2024-06-18,1.0,1,1,0.0,0.0,0.0,0,0,17.0,4.0,0,0,0,0,1,0,,
INV0151,V004,Vendor_4,GBP,15565.41,5,19,257.848,2024-03-16,PO0151,PO0151,2024-02-24,Vendor_4,15565.41,GRN0151,2024-03-16,1.0,1,1,0.0,0.0,0.0,0,0,21.0,0.0,0,1,0,0,1,1,TAX_MISCODE,
INV0152,V010,Vendor_10,GBP,10467.7,5,20,155.96599999999998,2024-01-25,PO0152,PO0152,2024-01-16,Vendor_10,10467.7,GRN0152,2024-01-20,1.0,1,1,0.0,0.0,0.0,0,0,9.0,5.0,0,0,0,0,1,0,,
INV0153,V017,Vendor_17,USD,22010.93,5,19,381.97200000000004,2024-11-27,PO0153,,,,,,,0.0,0,0,0.0,0.0,0.0,0,0,0.0,0.0,0,0,0,1,1,0,,
INV0154,V014,Vendor_14,USD,16853.77,5,20,303.776,2024-02-24,PO0154,PO0154,2024-01-27,Vendor_14,16853.77,GRN0154,2024-02-22,1.0,1,1,0.0,0.0,0.0,0,0,28.0,2.0,0,0,0,0,1,0,,
INV0155,V008,Vendor_8,EUR,25838.46,5,20,347.084,2024-10-26,PO0155,PO0155,2024-10-06,Vendor_8,25838.46,GRN0155,2024-10-22,1.0,1,1,0.0,0.0,0.0,0,0,20.0,4.0,0,0,0,0,1,0,,
INV0156,V012,Vendor_12,INR,11377.02,5,14,289.478,2024-12-10,PO0156,PO0156,2024-12-02,Vendor_12,11377.02,GRN0156,2024-12-08,1.0,1,1,0.0,0.0,0.0,0,0,8.0,2.0,0,0,0,0,1,0,,
INV0157,V004,Vendor_4,USD,15357.86,5,17,275.776,2024-11-08,PO0157,,,Vendor_4,,GRN0157,2024-11-06,1.0,1,1,0.0,0.0,0.0,0,0,30.0,2.0,0,0,0,1,1,0,,
INV0158,V011,Vendor_11,GBP,8951.33,5,15,218.468,2024-02-13,PO0158,PO0158,2024-01-14,Vendor_11,8951.33,GRN0158,2024-02-12,1.0,1,1,0.0,0.0,0.0,0,0,30.0,1.0,0,0,0,0,1,0,,
INV0159,V019,Vendor_19,GBP,18678.41,5,19,258.354,2024-10-03,PO0159,PO0159,2024-09-14,Vendor_19,18678.41,GRN0159,2024-10-02,1.0,1,1,0.0,0.0,0.0,0,0,19.0,1.0,0,0,0,0,1,0,,
INV0160,V017,Vendor_17,INR,10522.400000000001,5,19,290.05,2024-10-13,PO0160,PO0160,2024-10-01,Vendor_17,10522.4,GRN0160,2024-10-11,0.45994438868610216,0,1,1.8189894035458565e-12,1.8189894035458565e-12,1.7286830034458455e-16,0,0,12.0,2.0,0,0,0,0,1,1,TAX_MISCODE,
INV0161,V014,Vendor_14,INR,15805.94,5,20,228.004,2024-01-23,PO0161,PO0161,2024-01-16,Vendor_14,15805.94,GRN0161,2024-01-21,1.0,1,1,0.0,0.0,0.0,0,0,7.0,2.0,0,0,0,0,1,0,,
INV0162,V019,Vendor_19,INR,16526.010000000002,5,17,278.232,2024-12-27,PO0162,PO0162,2024-12-10,Vendor_19,16526.01,GRN0162,2024-12-22,1.0,1,1,3.637978807091713e-12,3.637978807091713e-12,2.20136548815577e-16,0,0,17.0,5.0,0,0,0,0,1,0,,
INV0163,V004,Vendor_4,GBP,8142.1900000000005,5,10,288.42199999999997,2024-07-16,PO0163,PO0163,2024-07-02,Vendor_4,8142.19,GRN0163,2024-07-14,1.0,1,1,9.094947017729282e-13,9.094947017729282e-13,1.1170148347962014e-16,0,0,14.0,2.0,0,0,0,0,1,0,,
INV0164,V012,Vendor_12,EUR,20007.48,5,18,305.35,2024-07-13,PO0164,PO0164,2024-07-04,Vendor_12,20007.48,GRN0164,2024-07-09,1.0,1,1,0.0,0.0,0.0,0,0,9.0,4.0,0,0,0,0,1,0,,
INV0165,V013,Vendor_13,GBP,19407.92,5,18,312.598,2024-06-29,PO0165,,,,,,,0.0,0,0,0.0,0.0,0.0,0,0,0.0,0.0,0,0,0,1,1,0,,
INV0166,V007,Vendor_7,USD,15729.21,5,16,241.502,2024-05-20,PO0166,PO0166,2024-04-28,Vendor_7,15729.21,GRN0166,2024-05-19,1.0,1,1,0.0,0.0,0.0,0,0,22.0,1.0,0,0,0,0,1,0,,
INV0167,V003,Vendor_3,INR,5382.85,5,17,219.004,2024-05-01,PO0167,PO0167,2024-04-06,Vendor_3,5382.85,GRN0167,2024-04-27,1.0,1,0,0.0,0.0,0.0,0,0,25.0,4.0,0,0,0,1,1,0,,
INV0168,V016,Vendor_16,INR,19565.62,5,17,306.602,2024-08-03,PO0168,PO0168,2024-07-05,Vendor_16,19565.62,GRN0168,2024-08-02,1.0,1,1,0.0,0.0,0.0,0,0,29.0,1.0,0,0,0,0,1,0,,
INV0169,V008,Vendor_8,EUR,14445.42,5,17,263.418,2024-01-02,PO0169,,,,,,,0.0,0,0,0.0,0.0,0.0,0,0,0.0,0.0,0,0,0,1,0,0,,
INV0170,V014,Vendor_14,USD,18079.33,5,19,279.264,2024-11-15,PO0170,PO0170,2024-11-05,Vendor_14,18079.33,GRN0170,2024-11-14,1.0,1,1,0.0,0.0,0.0,0,0,10.0,1.0,0,0,0,0,1,0,,
INV0171,V019,Vendor_19,USD,11164.02,5,14,211.304,2024-07-24,PO0171,,,Vendor_19,,GRN0171,2024-07-19,1.0,1,1,0.0,0.0,0.0,0,0,22.0,5.0,0,0,0,1,1,0,,
INV0172,V009,Vendor_9,GBP,14141.5,5,18,247.51,2024-06-17,PO0172,,,,,,,0.0,0,0,0.0,0.0,0.0,0,0,0.0,0.0,0,0,0,1,0,0,,
INV0173,V014,Vendor_14,INR,13057.86,5,19,204.476,2024-08-02,PO0173,,,Vendor_14,,GRN0173,2024-07-29,1.0,1,1,0.0,0.0,0.0,0,0,18.0,4.0,0,0,0,1,1,0,,
INV0174,V016,Vendor_16,USD,10524.42,5,16,257.59,2024-08-02,PO0174,PO0174,2024-07-22,Vendor_16,10524.42,GRN0174,2024-08-01,1.0,1,1,0.0,0.0,0.0,0,0,11.0,1.0,0,0,0,0,1,0,,
INV0175,V009,Vendor_9,GBP,14901.14,5,16,279.512,2024-03-21,PO0175,PO0175,2024-02-24,Vendor_9,14901.14,GRN0175,2024-03-18,1.0,1,1,0.0,0.0,0.0,0,0,26.0,3.0,0,0,0,0,1,0,,
INV0176,V001,Vendor_1,USD,4040.01,5,14,182.272,2024-03-28,PO0176,PO0176,2024-03-09,Vendor_1,4040.01,GRN0176,2024-03-24,1.0,1,1,0.0,0.0,0.0,0,0,19.0,4.0,0,0,0,0,1,0,,
INV0177,V014,Vendor_14,USD,12963.66,5,18,186.674,2024-01-23,PO0177,PO0177,2024-01-17,Vendor_14,12963.66,GRN0177,2024-01-23,1.0,1,1,0.0,0.0,0.0,0,0,6.0,0.0,0,0,0,0,1,0,,
INV0178,V020,Vendor_20,INR,14203.789999999999,5,15,256.338,2024-01-10,PO0178,PO0178,2023-12-17,Vendor_20,14203.79,GRN0178,2024-01-05,1.0,1,1,-1.8189894035458565e-12,1.8189894035458565e-12,-1.2806366494758486e-16,0,0,24.0,5.0,0,0,0,0,1,0,,
INV0179,V008,Vendor_8,EUR,9706.0,5,13,227.968,2024-12-06,PO0179,PO0179,2024-11-07,Vendor_8,9706.0,GRN0179,2024-12-04,1.0,1,1,0.0,0.0,0.0,0,0,29.0,2.0,0,0,0,0,1,0,,
INV0180,V010,Vendor_10,EUR,23727.09,5,20,299.544,2024-02-12,PO0180,,,,,,,0.0,0,0,0.0,0.0,0.0,0,0,0.0,0.0,0,0,0,1,1,0,,
INV0181,V016,Vendor_16,USD,10551.32,5,15,295.846,2024-05-04,PO0181,PO0181,2024-04-27,Vendor_16,10551.32,GRN0181,2024-04-30,1.0,1,1,0.0,0.0,0.0,0,0,7.0,4.0,0,0,0,0,1,0,,
INV0182,V001,Vendor_1,USD,4054.79,5,20,205.77799999999996,2024-09-08,PO0182,,,,,,,0.0,0,0,0.0,0.0,0.0,0,0,0.0,0.0,0,0,0,1,1,0,,
INV0183,V001,Vendor_1,INR,14872.15,5,12,269.56,2024-09-24,PO0183,PO0183,2024-08-28,Vendor_1,14872.15,GRN0183,2024-09-22,1.0,1,1,0.0,0.0,0.0,0,0,27.0,2.0,0,0,0,0,1,0,,
INV0184,V004,Vendor_4,INR,12116.15,5,11,327.442,2024-08-31,PO0184,PO0184,2024-08-25,Vendor_4,12116.15,GRN0184,2024-08-26,1.0,1,1,0.0,0.0,0.0,0,0,6.0,5.0,0,0,0,0,1,0,,
INV0185,V018,Vendor_18,INR,23415.23,5,19,347.316,2024-07-14,PO0185,PO0185,2024-06-18,Vendor_18,23415.23,GRN0185,2024-07-11,1.0,1,1,0.0,0.0,0.0,0,0,26.0,3.0,0,0,0,0,1,0,,
INV0186,V004,Vendor_4,GBP,14303.300000000001,5,13,308.29,2024-12-18,PO0186,PO0186,2024-12-06,Vendor_4,14303.3,GRN0186,2024-12-17,1.0,1,1,1.8189894035458565e-12,1.8189894035458565e-12,1.2717270864386935e-16,0,0,12.0,1.0,0,0,0,0,1,0,,
INV0187,V019,Vendor_19,EUR,9515.6,5,19,237.88400000000001,2024-03-24,PO0187,,,Vendor_19,,GRN0187,2024-03-21,1.0,1,0,0.0,0.0,0.0,0,0,13.0,3.0,0,0,0,1,1,1,MISSING_PO,
INV0188,V019,Vendor_19,INR,15147.66,5,20,178.412,2024-10-27,PO0188,PO0188,2024-10-04,Vendor_19,15147.66,GRN0188,2024-10-25,0.31866626528544617,0,1,0.0,0.0,0.0,0,0,23.0,2.0,0,1,0,0,1,1,TAX_MISCODE,
INV0189,V017,Vendor_17,GBP,18603.92,5,20,294.8,2024-03-04,PO0189,PO0189,2024-02-03,Vendor_17,18603.92,GRN0189,2024-02-29,1.0,1,1,0.0,0.0,0.0,0,0,30.0,4.0,0,0,0,0,1,1,QUANTITY_VARIANCE,-3537.1
INV0190,V018,Vendor_18,EUR,12116.05,5,18,184.784,2024-03-14,PO0190,PO0190,2024-02-28,Vendor_18,12116.05,GRN0190,2024-03-10,1.0,1,1,0.0,0.0,0.0,0,0,15.0,4.0,0,0,0,0,1,0,,
INV0191,V002,Vendor_2,EUR,11673.65,5,13,215.766,2024-02-20,PO0191,,,,,,,0.0,0,0,0.0,0.0,0.0,0,0,0.0,0.0,0,0,0,1,1,0,,
INV0192,V003,Vendor_3,GBP,16826.41,5,18,263.21,2024-01-30,PO0192,PO0192,2024-01-21,Vendor_3,16826.41,GRN0192,2024-01-26,1.0,1,1,0.0,0.0,0.0,0,0,9.0,4.0,0,0,0,0,1,0,,
INV0193,V017,Vendor_17,USD,6662.0199999999995,5,13,185.748,2024-11-25,PO0193,PO0193,2024-11-22,Vendor_17,6662.02,GRN0193,2024-11-23,1.0,1,1,-9.094947017729282e-13,9.094947017729282e-13,-1.36519359259343e-16,0,0,3.0,2.0,0,0,0,0,1,0,,
INV0194,V013,Vendor_13,INR,9891.89,5,16,166.006,2024-03-09,PO0194,PO0194,2024-03-05,Vendor_13,9891.89,GRN0194,2024-03-06,1.0,1,1,0.0,0.0,0.0,0,0,4.0,3.0,0,1,0,0,0,1,TAX_MISCODE,
INV0195,V017,Vendor_17,EUR,7021.03,5,16,170.304,2024-02-22,PO0195,PO0195,2024-01-26,Vendor_17,7021.03,GRN0195,2024-02-18,1.0,1,1,0.0,0.0,0.0,0,0,27.0,4.0,0,0,0,0,1,0,,
INV0196,V001,Vendor_1,EUR,15333.96,5,20,230.368,2024-02-19,PO0196,PO0196,2024-02-06,Vendor_1,15333.96,GRN0196,2024-02-19,1.0,1,1,-2616.48,2616.48,-0.17063302630240332,1,1,13.0,0.0,0,0,0,0,1,1,PRICE_VARIANCE,-2616.48
INV0197,V020,Vendor_20,GBP,11294.33,5,17,219.89600000000002,2024-03-26,PO0197,PO0197,2024-03-23,Vendor_20,11294.33,GRN0197,2024-03-25,1.0,1,1,0.0,0.0,0.0,0,0,3.0,1.0,0,0,0,0,1,0,,
INV0198,V012,Vendor_12,GBP,8926.77,5,9,249.61000000000004,2024-01-01,PO0198,PO0198,2023-12-06,Vendor_12,8926.77,GRN0198,2023-12-30,1.0,1,1,0.0,0.0,0.0,0,0,26.0,2.0,0,0,0,0,1,0,,
INV0199,V010,Vendor_10,USD,2853.54,5,20,160.328,2024-04-02,PO0199,PO0199,2024-03-03,Vendor_10,2853.54,GRN0199,2024-03-30,1.0,1,1,0.0,0.0,0.0,0,0,30.0,3.0,0,0,0,0,1,0,,
INV0200,V005,Vendor_5,EUR,9469.619999999999,5,14,209.92,2024-09-02,PO0200,PO0200,2024-08-18,Vendor_5,9469.62,GRN0200,2024-08-29,1.0,1,1,-1.8189894035458565e-12,1.8189894035458565e-12,-1.9208684229629662e-16,0,0,15.0,4.0,0,0,0,0,1,0,,
INV0201,V012,Vendor_12,GBP,10957.4,5,18,186.728,2024-12-04,PO0201,PO0201,2024-11-15,Vendor_12,10957.4,GRN0201,2024-12-02,1.0,1,1,0.0,0.0,0.0,0,0,19.0,2.0,0,0,0,0,1,0,,
INV0202,V007,Vendor_7,USD,3045.7999999999997,5,14,129.298,2024-01-02,PO0202,,,,,,,0.6895022075365836,0,0,0.0,0.0,0.0,0,0,0.0,0.0,0,0,0,1,1,0,,
INV0203,V002,Vendor_2,USD,10147.3,5,16,218.93200000000002,2024-03-20,PO0203,PO0203,2024-03-06,Vendor_2,10147.3,GRN0203,2024-03-19,1.0,1,1,0.0,0.0,0.0,0,0,14.0,1.0,0,0,0,0,1,0,,
INV0204,V002,Vendor_2,EUR,8689.51,5,16,229.314,2024-04-13,PO0204,PO0204,2024-04-04,Vendor_2,8689.51,GRN0204,2024-04-13,1.0,1,1,0.0,0.0,0.0,0,0,9.0,0.0,0,0,0,0,1,0,,
INV0205,V017,Vendor_17,GBP,20667.57,5,20,308.592,2024-03-23,PO0205,PO0205,2024-03-09,Vendor_17,20667.57,GRN0205,2024-03-18,1.0,1,1,0.0,0.0,0.0,0,0,14.0,5.0,0,0,0,0,1,0,,
INV0206,V015,Vendor_15,GBP,15472.45,5,20,207.09,2024-03-07,PO0206,,,,,,,0.0,0,0,0.0,0.0,0.0,0,0,0.0,0.0,0,0,0,1,0,0,,
INV0207,V016,Vendor_16,EUR,17800.35,5,15,323.834,2024-03-20,PO0207,,,,,,,0.0,0,0,0.0,0.0,0.0,0,0,0.0,0.0,0,0,0,1,1,0,,
INV0208,V012,Vendor_12,INR,16215.029999999999,5,19,235.098,2024-08-11,PO0208,PO0208,2024-07-28,Vendor_12,16215.03,GRN0208,2024-08-08,1.0,1,1,-1.8189894035458565e-12,1.8189894035458565e-12,-1.121792191285404e-16,0,0,14.0,3.0,0,0,0,0,1,0,,
INV0209,V012,Vendor_12,INR,14500.439999999999,5,18,267.48199999999997,2024-06-29,PO0209,,,,,,,0.0,0,0,0.0,0.0,0.0,0,0,0.0,0.0,0,0,0,1,0,0,,
INV0210,V009,Vendor_9,GBP,16207.75,5,14,337.216,2024-05-17,PO0210,PO0210,2024-05-12,Vendor_9,16207.75,GRN0210,2024-05-16,1.0,1,1,0.0,0.0,0.0,0,0,5.0,1.0,0,0,0,0,1,1,TAX_MISCODE,
INV0211,V003,Vendor_3,INR,9533.71,5,15,223.16,2024-10-05,PO0211,PO0211,2024-10-01,Vendor_3,9533.71,GRN0211,2024-10-03,1.0,1,1,0.0,0.0,0.0,0,0,4.0,2.0,0,0,0,0,1,0,,
INV0212,V013,Vendor_13,GBP,11127.05,5,18,203.72199999999998,2024-08-02,PO0212,PO0212,2024-07-08,Vendor_13,11127.05,GRN0212,2024-08-02,1.0,1,1,0.0,0.0,0.0,0,0,25.0,0.0,0,0,0,0,1,0,,
INV0213,V019,Vendor_19,GBP,14858.82,5,17,254.99,2024-02-22,PO0213,PO0213,2024-02-20,Vendor_19,14858.82,GRN0213,2024-02-22,1.0,1,1,0.0,0.0,0.0,0,0,2.0,0.0,0,0,0,0,1,0,,
INV0214,V011,Vendor_11,EUR,5998.38,5,13,193.75400000000002,2024-10-17,PO0214,PO0214,2024-10-08,Vendor_11,5998.38,GRN0214,2024-10-17,1.0,1,1,0.0,0.0,0.0,0,0,9.0,0.0,0,0,0,0,1,0,,
INV0215,V014,Vendor_14,GBP,5448.24,5,13,170.806,2024-02-18,PO0215,,,Vendor_14,,GRN0215,2024-02-14,1.0,1,1,0.0,0.0,0.0,0,0,18.0,4.0,0,0,0,1,1,0,,
INV0216,V005,Vendor_5,INR,18161.5,5,16,335.76,2024-03-28,PO0216,,,Vendor_5,,GRN0216,2024-03-27,1.0,1,1,0.0,0.0,0.0,0,0,9.0,1.0,0,0,0,1,1,0,,
INV0217,V013,Vendor_13,INR,5923.46,5,14,191.45,2024-07-05,PO0217,PO0217,2024-06-09,Vendor_13,5923.46,GRN0217,2024-07-05,1.0,1,1,0.0,0.0,0.0,0,0,26.0,0.0,0,0,0,0,1,1,QUANTITY_VARIANCE,232.76
INV0218,V003,Vendor_3,USD,7976.9,5,10,291.90999999999997,2024-05-02,PO0218,PO0218,2024-04-02,Vendor_3,7976.9,GRN0218,2024-04-27,1.0,1,1,0.0,0.0,0.0,0,0,30.0,5.0,0,0,0,0,1,0,,
INV0219,V019,Vendor_19,USD,21892.22,5,20,307.33000000000004,2024-08-30,PO0219,PO0219,2024-08-08,Vendor_19,21892.22,GRN0219,2024-08-27,1.0,1,1,0.0,0.0,0.0,0,0,22.0,3.0,0,0,0,0,1,0,,
INV0220,V017,Vendor_17,EUR,7454.44,5,12,207.64600000000002,2024-08-18,PO0220,PO0220,2024-08-11,Vendor_17,7454.44,GRN0220,2024-08-18,1.0,1,1,0.0,0.0,0.0,0,0,7.0,0.0,0,0,0,0,1,0,,
INV0221,V012,Vendor_12,GBP,7013.15,5,14,192.98200000000003,2024-03-11,PO0221,PO0221,2024-02-11,Vendor_12,7013.15,GRN0221,2024-03-06,1.0,1,1,0.0,0.0,0.0,0,0,29.0,5.0,0,0,0,0,1,0,,
INV0222,V001,Vendor_1,INR,11038.3,5,17,301.736,2024-10-13,PO0222,PO0222,2024-09-24,Vendor_1,11038.3,GRN0222,2024-10-13,1.0,1,1,0.0,0.0,0.0,0,0,19.0,0.0,0,0,0,0,1,0,,
INV0223,V007,Vendor_7,USD,13188.939999999999,5,15,225.96400000000003,2024-11-15,PO0223,,,,,,,0.0,0,0,0.0,0.0,0.0,0,0,0.0,0.0,0,0,0,1,1,0,,
INV0224,V015,Vendor_15,INR,8638.06,5,19,150.36399999999998,2024-02-24,PO0224,PO0224,2024-02-13,Vendor_15,8638.06,GRN0224,2024-02-20,1.0,1,1,1394.75,1394.75,0.16146565316749364,1,1,11.0,4.0,0,0,0,0,1,1,PRICE_VARIANCE,1394.75
INV0225,V013,Vendor_13,USD,19082.760000000002,5,19,321.726,2024-11-12,PO0225,PO0225,2024-10-19,Vendor_13,19082.76,GRN0225,2024-11-10,1.0,1,1,3.637978807091713e-12,3.637978807091713e-12,1.90642171629875e-16,0,0,24.0,2.0,0,0,0,0,1,0,,
INV0226,V003,Vendor_3,USD,14532.08,5,18,290.088,2024-04-08,PO0226,PO0226,2024-03-29,Vendor_3,14532.08,GRN0226,2024-04-05,1.0,1,1,0.0,0.0,0.0,0,0,10.0,3.0,0,0,0,0,1,0,,
INV0227,V020,Vendor_20,GBP,17159.14,5,20,262.218,2024-09-22,PO0227,PO0227,2024-09-14,Vendor_20,17159.14,GRN0227,2024-09-21,1.0,1,1,0.0,0.0,0.0,0,0,8.0,1.0,0,0,0,0,1,0,,
INV0228,V001,Vendor_1,INR,15488.54,5,20,280.054,2024-07-13,PO0228,PO0228,2024-07-05,Vendor_1,15488.54,GRN0228,2024-07-09,1.0,1,1,0.0,0.0,0.0,0,0,8.0,4.0,0,0,0,0,1,0,,
INV0229,V012,Vendor_12,GBP,12367.88,5,20,211.644,2024-06-03,PO0229,PO0229,2024-05-14,Vendor_12,12367.88,GRN0229,2024-05-30,1.0,1,1,0.0,0.0,0.0,0,0,20.0,4.0,0,0,0,0,1,0,,
INV0230,V001,Vendor_1,GBP,15703.029999999999,5,20,298.77,2024-06-27,PO0230,PO0230,2024-06-02,Vendor_1,15703.03,GRN0230,2024-06-25,1.0,1,1,-1.8189894035458565e-12,1.8189894035458565e-12,-1.1583684190540657e-16,0,0,25.0,2.0,0,0,0,0,1,0,,
INV0231,V015,Vendor_15,INR,19395.04,5,19,311.024,2024-04-01,PO0231,PO0231,2024-03-02,Vendor_15,19395.04,GRN0231,2024-03-28,1.0,1,1,0.0,0.0,0.0,0,0,30.0,4.0,0,0,0,0,1,0,,
INV0232,V012,Vendor_12,INR,9168.07,5,12,279.69,2024-10-19,PO0232,PO0232,2024-10-07,Vendor_12,9168.07,GRN0232,2024-10-18,1.0,1,1,546.68,546.68,0.05962868957152377,1,1,12.0,1.0,0,0,0,0,1,1,PRICE_VARIANCE,546.68
INV0233,V004,Vendor_4,EUR,17918.13,5,20,284.348,2024-06-10,PO0233,PO0233,2024-06-05,Vendor_4,17918.13,GRN0233,2024-06-10,1.0,1,1,0.0,0.0,0.0,0,0,5.0,0.0,0,1,0,0,1,1,TAX_MISCODE,
INV0234,V013,Vendor_13,INR,23074.96,5,19,334.71,2024-09-28,PO0234,PO0234,2024-09-10,Vendor_13,23074.96,GRN0234,2024-09-24,1.0,1,1,0.0,0.0,0.0,0,0,18.0,4.0,0,0,0,0,1,0,,
INV0235,V019,Vendor_19,INR,8758.08,5,14,251.89600000000002,2024-01-25,PO0235,PO0235,2024-01-14,Vendor_19,8758.08,GRN0235,2024-01-24,1.0,1,1,0.0,0.0,0.0,0,0,11.0,1.0,0,0,0,0,1,0,,
INV0236,V016,Vendor_16,GBP,14146.970000000001,5,19,278.81399999999996,2024-08-09,PO0236,PO0236,2024-08-03,Vendor_16,14146.97,GRN0236,2024-08-06,1.0,1,1,1.8189894035458565e-12,1.8189894035458565e-12,1.2857802084445339e-16,0,0,6.0,3.0,0,0,0,0,1,1,TAX_MISCODE,
INV0237,V003,Vendor_3,EUR,18641.56,5,14,312.17600000000004,2024-11-21,PO0237,PO0237,2024-11-14,Vendor_3,18641.56,GRN0237,2024-11-17,1.0,1,0,0.0,0.0,0.0,0,0,7.0,4.0,0,0,0,1,1,0,,
INV0238,V010,Vendor_10,GBP,12904.08,5,20,259.268,2024-01-15,PO0238,,,,,,,0.0,0,0,0.0,0.0,0.0,0,0,0.0,0.0,0,0,0,1,0,0,,
INV0239,V014,Vendor_14,EUR,8704.82,5,14,195.512,2024-06-18,PO0239,PO0239,2024-06-12,Vendor_14,8704.82,GRN0239,2024-06-18,1.0,1,1,0.0,0.0,0.0,0,0,6.0,0.0,0,0,0,0,1,0,,
INV0240,V010,Vendor_10,GBP,12169.14,5,16,198.566,2024-01-12,PO0240,PO0240,2023-12-24,Vendor_10,12169.14,GRN0240,2024-01-07,1.0,1,1,0.0,0.0,0.0,0,0,19.0,5.0,0,0,0,0,1,0,,
INV0241,V009,Vendor_9,INR,12441.75,5,17,290.132,2024-09-09,PO0241,PO0241,2024-08-20,Vendor_9,12441.75,GRN0241,2024-09-07,0.39310853617212166,0,1,0.0,0.0,0.0,0,0,20.0,2.0,0,0,0,0,1,1,TAX_MISCODE,
INV0242,V019,Vendor_19,EUR,12903.93,5,16,227.18800000000002,2024-07-09,PO0242,PO0242,2024-06-13,Vendor_19,12903.93,GRN0242,2024-07-06,1.0,1,1,0.0,0.0,0.0,0,0,26.0,3.0,0,0,0,0,1,0,,
INV0243,V018,Vendor_18,EUR,15485.69,5,16,283.29,2024-10-14,PO0243,PO0243,2024-10-10,Vendor_18,15485.69,GRN0243,2024-10-14,1.0,1,1,0.0,0.0,0.0,0,0,4.0,0.0,0,0,0,0,1,0,,
INV0244,V018,Vendor_18,INR,21840.71,5,19,295.614,2024-08-11,PO0244,PO0244,2024-08-03,Vendor_18,21840.71,GRN0244,2024-08-08,1.0,1,1,0.0,0.0,0.0,0,0,8.0,3.0,0,0,0,0,1,0,,
INV0245,V015,Vendor_15,INR,12350.900000000001,5,11,344.706,2024-11-19,PO0245,,,,,,,0.0,0,0,0.0,0.0,0.0,0,0,0.0,0.0,0,0,0,1,0,0,,
INV0246,V006,Vendor_6,USD,10828.77,5,19,223.234,2024-07-28,PO0246,PO0246,2024-07-13,Vendor_6,10828.77,GRN0246,2024-07-24,1.0,1,1,0.0,0.0,0.0,0,0,15.0,4.0,0,0,0,0,1,1,TAX_MISCODE,
INV0247,V012,Vendor_12,GBP,11867.16,5,18,239.09,2024-09-07,PO0247,PO0247,2024-09-01,Vendor_12,11867.16,GRN0247,2024-09-06,1.0,1,1,0.0,0.0,0.0,0,0,6.0,1.0,0,0,0,0,1,0,,
INV0248,V010,Vendor_10,EUR,13180.210000000001,5,20,252.142,2024-07-02,PO0248,PO0248,2024-06-02,Vendor_10,13180.21,GRN0248,2024-07-01,1.0,1,1,1.8189894035458565e-12,1.8189894035458565e-12,1.3800913669401752e-16,0,0,30.0,1.0,0,0,0,0,1,0,,
INV0249,V010,Vendor_10,GBP,20798.78,5,18,299.674,2024-03-29,PO0249,PO0249,2024-03-20,Vendor_10,20798.78,GRN0249,2024-03-29,1.0,1,1,0.0,0.0,0.0,0,0,9.0,0.0,0,0,0,0,1,0,,
INV0250,V001,Vendor_1,INR,9308.17,5,14,178.066,2024-09-13,PO0250,PO0250,2024-09-12,Vendor_1,9308.17,GRN0250,2024-09-12,1.0,1,1,0.0,0.0,0.0,0,0,1.0,1.0,0,0,0,0,1,0,,
INV0251,V011,Vendor_11,GBP,11647.83,5,16,208.112,2024-12-30,PO0251,PO0251,2024-12-08,Vendor_11,11647.83,GRN0251,2024-12-28,1.0,1,1,0.0,0.0,0.0,0,0,22.0,2.0,0,0,0,0,1,0,,
INV0252,V019,Vendor_19,INR,6372.45,5,14,155.744,2024-09-25,PO0252,PO0252,2024-09-11,Vendor_19,6372.45,GRN0252,2024-09-21,1.0,1,1,0.0,0.0,0.0,0,0,14.0,4.0,0,0,0,0,1,0,,
INV0253,V007,Vendor_7,USD,12711.32,5,16,239.892,2024-07-27,PO0253,PO0253,2024-06-29,Vendor_7,12711.32,GRN0253,2024-07-23,1.0,1,1,0.0,0.0,0.0,0,0,28.0,4.0,0,0,0,0,1,0,,
INV0254,V005,Vendor_5,EUR,20200.71,5,16,411.68,2024-01-16,PO0254,PO0254,2023-12-19,Vendor_5,20200.71,GRN0254,2024-01-13,1.0,1,1,0.0,0.0,0.0,0,0,28.0,3.0,0,0,0,0,1,0,,
INV0255,V006,Vendor_6,USD,6774.45,5,15,183.054,2024-12-01,PO0255,PO0255,2024-11-16,Vendor_6,6774.45,GRN0255,2024-11-30,1.0,1,1,0.0,0.0,0.0,0,0,15.0,1.0,0,0,0,0,1,0,,
INV0256,V001,Vendor_1,USD,6259.24,5,18,226.05,2024-02-05,PO0256,PO0256,2024-01-28,Vendor_1,6259.24,GRN0256,2024-02-05,1.0,1,1,0.0,0.0,0.0,0,0,8.0,0.0,0,0,0,0,1,0,,
INV0257,V002,Vendor_2,EUR,15401.18,5,17,259.85,2024-10-31,PO0257,PO0257,2024-10-03,Vendor_2,15401.18,GRN0257,2024-10-31,1.0,1,0,0.0,0.0,0.0,0,0,28.0,0.0,0,0,0,1,1,0,,
INV0258,V007,Vendor_7,EUR,13819.45,5,19,294.014,2024-06-07,PO0258,,,Vendor_7,,GRN0258,2024-06-02,1.0,1,1,0.0,0.0,0.0,0,0,14.0,5.0,0,0,0,1,1,0,,
INV0259,V003,Vendor_3,EUR,9808.8,5,19,164.23,2024-11-20,PO0259,PO0259,2024-11-05,Vendor_3,9808.8,GRN0259,2024-11-17,1.0,1,1,0.0,0.0,0.0,0,0,15.0,3.0,0,0,0,0,1,1,QUANTITY_VARIANCE,1181.86
INV0260,V010,Vendor_10,USD,11957.16,5,20,184.06400000000002,2024-08-09,PO0260,,,,,,,0.0,0,0,0.0,0.0,0.0,0,0,0.0,0.0,0,0,0,1,1,0,,
INV0261,V012,Vendor_12,EUR,14023.24,5,18,200.986,2024-07-28,PO0261,PO0261,2024-06-29,Vendor_12,14023.24,GRN0261,2024-07-25,1.0,1,1,0.0,0.0,0.0,0,0,29.0,3.0,0,0,0,0,1,0,,
INV0262,V019,Vendor_19,GBP,22345.32,5,16,357.73400000000004,2024-03-18,PO0262,PO0262,2024-02-19,Vendor_19,22345.32,GRN0262,2024-03-14,1.0,1,1,0.0,0.0,0.0,0,0,28.0,4.0,0,0,0,0,1,0,,
INV0263,V011,Vendor_11,INR,25626.75,5,17,372.66999999999996,2024-09-15,PO0263,,,,,,,0.0,0,0,0.0,0.0,0.0,0,0,0.0,0.0,0,0,0,1,1,1,MISSING_PO,
INV0264,V012,Vendor_12,EUR,9919.9,5,19,187.11999999999998,2024-10-21,PO0264,,,Vendor_12,,GRN0264,2024-10-17,1.0,1,1,0.0,0.0,0.0,0,0,1.0,4.0,0,0,0,1,1,0,,
INV0265,V006,Vendor_6,EUR,11415.11,5,17,323.23199999999997,2024-03-03,PO0265,PO0265,2024-02-07,Vendor_6,11415.11,GRN0265,2024-03-01,1.0,1,1,0.0,0.0,0.0,0,0,25.0,2.0,0,0,0,0,1,1,TAX_MISCODE,
INV0266,V006,Vendor_6,INR,8805.33,5,10,251.43200000000002,2024-07-31,PO0266,PO0266,2024-07-24,Vendor_6,8805.33,GRN0266,2024-07-26,1.0,1,1,0.0,0.0,0.0,0,0,7.0,5.0,0,0,0,0,1,0,,
INV0267,V005,Vendor_5,GBP,9242.39,5,20,274.298,2024-05-11,PO0267,PO0267,2024-04-25,Vendor_5,9242.39,GRN0267,2024-05-08,1.0,1,0,0.0,0.0,0.0,0,0,16.0,3.0,0,0,0,1,1,0,,
INV0268,V006,Vendor_6,INR,23677.96,5,19,329.338,2024-05-01,PO0268,PO0268,2024-04-05,Vendor_6,23677.96,GRN0268,2024-04-27,1.0,1,1,0.0,0.0,0.0,0,0,26.0,4.0,0,0,0,0,1,0,,
INV0269,V017,Vendor_17,EUR,14978.53,5,20,274.706,2024-02-12,PO0269,PO0269,2024-02-01,Vendor_17,14978.53,GRN0269,2024-02-10,1.0,1,1,-386.22,386.22,-0.02578490679659486,1,0,11.0,2.0,0,0,0,0,0,1,PRICE_VARIANCE,-386.22
INV0270,V020,Vendor_20,USD,19537.1,5,16,308.704,2024-11-09,PO0270,PO0270,2024-11-08,Vendor_20,19537.1,GRN0270,2024-11-06,1.0,1,1,0.0,0.0,0.0,0,0,1.0,3.0,0,0,0,0,1,0,,
INV0271,V017,Vendor_17,USD,12336.83,5,16,283.178,2024-04-25,PO0271,PO0271,2024-04-08,Vendor_17,12336.83,GRN0271,2024-04-21,1.0,1,1,-2260.64,2260.64,-0.18324318321643404,1,1,17.0,4.0,0,0,0,0,1,1,PRICE_VARIANCE,-2260.64
INV0272,V020,Vendor_20,INR,20158.4,5,19,343.698,2024-12-10,PO0272,PO0272,2024-11-27,Vendor_20,20158.4,GRN0272,2024-12-07,1.0,1,1,25.42,25.42,0.0012610127787919677,0,0,13.0,3.0,0,0,0,0,1,1,PRICE_VARIANCE,25.42
INV0273,V016,Vendor_16,USD,14027.46,5,17,329.37,2024-03-29,PO0273,PO0273,2024-03-09,Vendor_16,14027.46,GRN0273,2024-03-28,1.0,1,1,0.0,0.0,0.0,0,0,20.0,1.0,0,0,0,0,1,0,,
INV0274,V011,Vendor_11,EUR,9001.29,5,13,255.89000000000001,2024-02-12,PO0274,PO0274,2024-01-31,Vendor_11,9001.29,GRN0274,2024-02-11,1.0,1,1,-1760.45,1760.45,-0.1955775227772908,1,1,12.0,1.0,0,0,0,0,1,1,PRICE_VARIANCE,-1760.45
INV0275,V005,Vendor_5,USD,13620.16,5,18,256.796,2024-10-23,PO0275,PO0275,2024-09-30,Vendor_5,13620.16,GRN0275,2024-10-23,1.0,1,1,0.0,0.0,0.0,0,0,23.0,0.0,0,0,0,0,1,0,,
INV0276,V019,Vendor_19,GBP,11922.09,5,15,315.81399999999996,2024-10-03,PO0276,PO0276,2024-09-13,Vendor_19,11922.09,GRN0276,2024-09-28,1.0,1,1,0.0,0.0,0.0,0,0,20.0,5.0,0,0,0,0,1,0,,
INV0277,V001,Vendor_1,USD,25012.379999999997,5,20,330.696,2024-09-27,PO0277,PO0277,2024-09-05,Vendor_1,25012.38,GRN0277,2024-09-24,1.0,1,1,-3.637978807091713e-12,3.637978807091713e-12,-1.4544712686644424e-16,0,0,22.0,3.0,0,0,0,0,1,0,,
INV0278,V004,Vendor_4,USD,17055.84,5,13,330.454,2024-08-17,PO0278,PO0278,2024-08-11,Vendor_4,17055.84,GRN0278,2024-08-14,1.0,1,1,0.0,0.0,0.0,0,0,6.0,3.0,0,0,0,0,1,0,,
INV0279,V018,Vendor_18,EUR,9654.24,5,20,216.012,2024-10-19,PO0279,PO0279,2024-10-12,Vendor_18,9654.24,GRN0279,2024-10-18,1.0,1,1,0.0,0.0,0.0,0,0,7.0,1.0,0,0,0,0,1,0,,
INV0280,V014,Vendor_14,GBP,9584.300000000001,5,19,206.05599999999998,2024-05-12,PO0280,PO0280,2024-05-01,Vendor_14,9584.3,GRN0280,2024-05-10,1.0,1,1,1.8189894035458565e-12,1.8189894035458565e-12,1.8978844605718275e-16,0,0,11.0,2.0,0,0,0,0,1,0,,
INV0281,V007,Vendor_7,EUR,5751.68,5,13,263.79200000000003,2024-09-11,PO0281,PO0281,2024-08-29,Vendor_7,5751.68,GRN0281,2024-09-09,0.3362425738131283,0,1,0.0,0.0,0.0,0,0,13.0,2.0,0,1,0,0,1,1,TAX_MISCODE,
INV0282,V008,Vendor_8,GBP,21438.75,5,19,354.16400000000004,2024-02-05,PO0282,PO0282,2024-01-28,Vendor_8,21438.75,GRN0282,2024-01-31,1.0,1,1,0.0,0.0,0.0,0,0,8.0,5.0,0,0,0,0,1,0,,
INV0283,V001,Vendor_1,INR,14802.220000000001,5,19,181.39000000000001,2024-07-07,PO0283,PO0283,2024-06-27,Vendor_1,14802.22,GRN0283,2024-07-06,1.0,1,1,1.8189894035458565e-12,1.8189894035458565e-12,1.2288625649030054e-16,0,0,10.0,1.0,0,0,0,0,1,0,,
INV0284,V013,Vendor_13,INR,5517.76,5,16,184.702,2024-12-03,PO0284,,,,,,,0.0,0,0,0.0,0.0,0.0,0,0,0.0,0.0,0,0,0,1,0,1,MISSING_PO,
INV0285,V018,Vendor_18,INR,12962.24,5,19,300.998,2024-03-01,PO0285,PO0285,2024-02-01,Vendor_18,12962.24,GRN0285,2024-02-27,1.0,1,1,0.0,0.0,0.0,0,0,29.0,3.0,0,0,0,0,1,0,,
INV0286,V012,Vendor_12,INR,5573.01,5,19,130.26399999999998,2024-02-12,PO0286,,,,,,,0.0,0,0,0.0,0.0,0.0,0,0,0.0,0.0,0,0,0,1,0,0,,
INV0287,V003,Vendor_3,GBP,6134.66,5,15,165.144,2024-08-18,PO0287,PO0287,2024-07-19,Vendor_3,6134.66,GRN0287,2024-08-14,1.0,1,1,0.0,0.0,0.0,0,0,30.0,4.0,0,0,0,0,1,0,,
INV0288,V011,Vendor_11,EUR,12326.77,5,19,302.206,2024-07-17,PO0288,PO0288,2024-07-09,Vendor_11,12326.77,GRN0288,2024-07-12,1.0,1,1,0.0,0.0,0.0,0,0,8.0,5.0,0,0,0,0,1,0,,
INV0289,V003,Vendor_3,INR,14779.64,5,20,251.29000000000002,2024-08-08,PO0289,PO0289,2024-07-16,Vendor_3,14779.64,GRN0289,2024-08-08,1.0,1,1,0.0,0.0,0.0,0,0,23.0,0.0,0,0,0,0,1,0,,
INV0290,V007,Vendor_7,USD,11235.36,5,20,183.458,2024-04-04,PO0290,PO0290,2024-03-20,Vendor_7,11235.36,GRN0290,2024-03-30,1.0,1,1,0.0,0.0,0.0,0,0,15.0,5.0,0,0,0,0,1,0,,
INV0291,V014,Vendor_14,EUR,21254.73,5,19,306.832,2024-07-08,PO0291,,,,,,,0.0,0,0,0.0,0.0,0.0,0,0,0.0,0.0,0,0,0,1,0,0,,
INV0292,V001,Vendor_1,GBP,9606.81,5,14,221.52799999999996,2024-04-24,PO0292,,,,,,,0.0,0,0,0.0,0.0,0.0,0,0,0.0,0.0,0,0,0,1,0,0,,
INV0293,V018,Vendor_18,INR,11000.26,5,18,218.252,2024-06-16,PO0293,PO0293,2024-06-04,Vendor_18,11000.26,GRN0293,2024-06-14,1.0,1,1,0.0,0.0,0.0,0,0,12.0,2.0,0,0,0,0,1,0,,
INV0294,V018,Vendor_18,USD,11243.56,5,18,242.51399999999998,2024-01-29,PO0294,PO0294,2024-01-16,Vendor_18,11243.56,GRN0294,2024-01-29,1.0,1,1,1785.65,1785.65,0.15881535741348826,1,1,13.0,0.0,0,0,0,0,1,1,PRICE_VARIANCE,1785.65
INV0295,V010,Vendor_10,INR,16907.28,5,20,338.894,2024-11-29,PO0295,,,,,,,0.0,0,0,0.0,0.0,0.0,0,0,0.0,0.0,0,0,0,1,1,0,,
INV0296,V008,Vendor_8,USD,8611.42,5,18,253.22200000000004,2024-12-07,PO0296,PO0296,2024-11-13,Vendor_8,8611.42,GRN0296,2024-12-04,1.0,1,1,0.0,0.0,0.0,0,0,24.0,3.0,0,0,0,0,1,0,,
INV0297,V019,Vendor_19,INR,14173.88,5,14,337.62,2024-01-12,PO0297,PO0297,2023-12-13,Vendor_19,14173.88,GRN0297,2024-01-09,1.0,1,1,0.0,0.0,0.0,0,0,30.0,3.0,0,0,0,0,1,0,,
INV0298,V014,Vendor_14,EUR,14069.06,5,19,180.404,2024-06-26,PO0298,PO0298,2024-06-23,Vendor_14,14069.06,GRN0298,2024-06-23,1.0,1,1,0.0,0.0,0.0,0,0,3.0,3.0,0,0,0,0,1,0,,
INV0299,V006,Vendor_6,EUR,19789.649999999998,5,17,306.316,2024-10-08,PO0299,PO0299,2024-09-29,Vendor_6,19789.65,GRN0299,2024-10-06,1.0,1,1,-3.637978807091713e-12,3.637978807091713e-12,-1.8383239759630476e-16,0,0,9.0,2.0,0,0,0,0,1,0,,
INV0300,V003,Vendor_3,USD,11507.46,5,19,146.776,2024-04-05,PO0300,,,,,,,0.0,0,0,0.0,0.0,0.0,0,0,0.0,0.0,0,0,0,1,1,1,MISSING_PO,
